{
  "run_label": "CASO_5_equiv_13",
  "mode": "mono-objetivo",
  "timestamp": "2025-12-20T02:40:29",
  "config": {
    "SEED": 0,
    "TEST_RATIO": 0.3,
    "POP": 300,
    "CXPB": 0.8,
    "MUTPB": 0.2,
    "TOURN": 3,
    "INIT_MAX_DEPTH": 2,
    "MUT_MAX_DEPTH": 2,
    "MAX_HEIGHT": 7,
    "MAX_NODES": 90,
    "PATIENCE": 30,
    "EPS": 1e-06,
    "NGEN_MULTI": 100
  },
  "best_individual": {
    "expr": "add(protected_log(x0), add(mul(add(add(x8, x5), x1), x7), mul(add(x3, mul(x5, add(x5, mul(x5, mul(x6, add(x1, x1)))))), add(mul(x2, add(add(x5, x3), add(x6, x6))), x1))))",
    "fitness": [
      0.026584867075664653
    ],
    "height": 9,
    "nodes": 36
  },
  "metrics": {
    "train": {
      "TP": 151,
      "TN": 325,
      "FP": 10,
      "FN": 3,
      "accuracy": 0.9734151329243353,
      "recall": 0.9805194805194806,
      "specificity": 0.9701492537313433,
      "precision": 0.937888198757764,
      "f1": 0.9587301587301588
    },
    "test": {
      "TP": 84,
      "TN": 122,
      "FP": 1,
      "FN": 3,
      "accuracy": 0.9809523809523809,
      "recall": 0.9655172413793104,
      "specificity": 0.991869918699187,
      "precision": 0.9882352941176471,
      "f1": 0.9767441860465116
    }
  },
  "pareto": null,
  "exploitation": {
    "vectors": {
      "benigno_claro": [
        0.2,
        0.1,
        0.1,
        0.1,
        0.2,
        0.1,
        0.2,
        0.1,
        0.1
      ],
      "maligno_claro": [
        0.5,
        0.4,
        0.6,
        0.8,
        0.4,
        0.1,
        0.8,
        1.0,
        0.1
      ],
      "mixto_frontera": [
        0.35,
        0.25,
        0.35,
        0.45,
        0.30000000000000004,
        0.1,
        0.5,
        0.55,
        0.1
      ],
      "aleatorio_0_1": [
        0.6732655185893088,
        0.3428080423874833,
        0.13687617154257523,
        0.1148748719756762,
        0.8319432152802452,
        0.9214800195499495,
        0.6459721981904619,
        0.7565469048855985,
        0.5892624923188806
      ],
      "idx_benigno": 0,
      "idx_maligno": 3
    },
    "results": {
      "benigno_claro": {
        "score": -1.5617739124291004,
        "pred": 0
      },
      "maligno_claro": {
        "score": 1.4580128194420547,
        "pred": 1
      },
      "mixto_frontera": {
        "score": -0.43579087449582055,
        "pred": 0
      },
      "aleatorio_0_1": {
        "score": 1.893133407873469,
        "pred": 1
      }
    }
  },
  "logbook": [
    {
      "gen": 0,
      "nevals": 300,
      "avg": 0.5844103612815269,
      "min": 0.1492842535787321,
      "max": 0.8711656441717791,
      "std": 0.1831723432305152
    },
    {
      "gen": 1,
      "nevals": 259,
      "avg": 0.49908657123381045,
      "min": 0.08793456032719837,
      "max": 0.899795501022495,
      "std": 0.21251157311147267
    },
    {
      "gen": 2,
      "nevals": 236,
      "avg": 0.3860940695296524,
      "min": 0.06339468302658491,
      "max": 0.899795501022495,
      "std": 0.21324422802783813
    },
    {
      "gen": 3,
      "nevals": 266,
      "avg": 0.3530606680299932,
      "min": 0.053169734151329195,
      "max": 0.9100204498977505,
      "std": 0.2296587114125865
    },
    {
      "gen": 4,
      "nevals": 256,
      "avg": 0.30875937286980226,
      "min": 0.053169734151329195,
      "max": 0.918200408997955,
      "std": 0.22436134827291132
    },
    {
      "gen": 5,
      "nevals": 256,
      "avg": 0.2844035446489434,
      "min": 0.04703476482617586,
      "max": 0.9263803680981595,
      "std": 0.2300208518977205
    },
    {
      "gen": 6,
      "nevals": 262,
      "avg": 0.2566257668711656,
      "min": 0.042944785276073594,
      "max": 0.9100204498977505,
      "std": 0.21419524521808705
    },
    {
      "gen": 7,
      "nevals": 265,
      "avg": 0.2478118609406953,
      "min": 0.03885480572597133,
      "max": 0.9100204498977505,
      "std": 0.21431545788452477
    },
    {
      "gen": 8,
      "nevals": 242,
      "avg": 0.22881390593047035,
      "min": 0.03885480572597133,
      "max": 0.9263803680981595,
      "std": 0.2199989370767073
    },
    {
      "gen": 9,
      "nevals": 255,
      "avg": 0.2025153374233129,
      "min": 0.04089979550102252,
      "max": 0.9263803680981595,
      "std": 0.20732185041907586
    },
    {
      "gen": 10,
      "nevals": 257,
      "avg": 0.1920040899795501,
      "min": 0.04089979550102252,
      "max": 0.899795501022495,
      "std": 0.1981059808548693
    },
    {
      "gen": 11,
      "nevals": 259,
      "avg": 0.1830743012951602,
      "min": 0.036809815950920255,
      "max": 0.899795501022495,
      "std": 0.19017652998991916
    },
    {
      "gen": 12,
      "nevals": 247,
      "avg": 0.18852760736196317,
      "min": 0.036809815950920255,
      "max": 0.8916155419222904,
      "std": 0.20850173169905836
    },
    {
      "gen": 13,
      "nevals": 248,
      "avg": 0.1692365371506476,
      "min": 0.030674846625766916,
      "max": 0.9120654396728016,
      "std": 0.19474506941691994
    },
    {
      "gen": 14,
      "nevals": 267,
      "avg": 0.16975460122699387,
      "min": 0.03271983640081799,
      "max": 0.901840490797546,
      "std": 0.19874239099568125
    },
    {
      "gen": 15,
      "nevals": 258,
      "avg": 0.16128834355828223,
      "min": 0.03476482617586907,
      "max": 0.9100204498977505,
      "std": 0.19337581364975884
    },
    {
      "gen": 16,
      "nevals": 250,
      "avg": 0.1325357873210634,
      "min": 0.03476482617586907,
      "max": 0.7668711656441718,
      "std": 0.15927430005649595
    },
    {
      "gen": 17,
      "nevals": 246,
      "avg": 0.14734832992501704,
      "min": 0.03476482617586907,
      "max": 0.7361963190184049,
      "std": 0.18466522430962917
    },
    {
      "gen": 18,
      "nevals": 254,
      "avg": 0.12102249488752558,
      "min": 0.03271983640081799,
      "max": 0.7975460122699387,
      "std": 0.1570243362481917
    },
    {
      "gen": 19,
      "nevals": 242,
      "avg": 0.11681663258350374,
      "min": 0.03476482617586907,
      "max": 0.7361963190184049,
      "std": 0.16294118001206612
    },
    {
      "gen": 20,
      "nevals": 252,
      "avg": 0.12072256305385139,
      "min": 0.03271983640081799,
      "max": 0.7198364008179959,
      "std": 0.16797868777081418
    },
    {
      "gen": 21,
      "nevals": 250,
      "avg": 0.11526244035446488,
      "min": 0.03271983640081799,
      "max": 0.834355828220859,
      "std": 0.16793037154333093
    },
    {
      "gen": 22,
      "nevals": 242,
      "avg": 0.08649625085207907,
      "min": 0.03271983640081799,
      "max": 0.7586912065439673,
      "std": 0.11913784667335192
    },
    {
      "gen": 23,
      "nevals": 257,
      "avg": 0.094587593728698,
      "min": 0.030674846625766916,
      "max": 0.885480572597137,
      "std": 0.14692112996560983
    },
    {
      "gen": 24,
      "nevals": 250,
      "avg": 0.0818200408997955,
      "min": 0.030674846625766916,
      "max": 0.8445807770961145,
      "std": 0.1235528695122735
    },
    {
      "gen": 25,
      "nevals": 260,
      "avg": 0.07948193592365371,
      "min": 0.030674846625766916,
      "max": 0.7668711656441718,
      "std": 0.12820159620360416
    },
    {
      "gen": 26,
      "nevals": 246,
      "avg": 0.08523517382413087,
      "min": 0.030674846625766916,
      "max": 0.6850715746421268,
      "std": 0.1322786098646702
    },
    {
      "gen": 27,
      "nevals": 274,
      "avg": 0.07576005453306067,
      "min": 0.030674846625766916,
      "max": 0.869120654396728,
      "std": 0.11744601063813634
    },
    {
      "gen": 28,
      "nevals": 250,
      "avg": 0.08111111111111109,
      "min": 0.030674846625766916,
      "max": 0.8670756646216768,
      "std": 0.13626380316777081
    },
    {
      "gen": 29,
      "nevals": 264,
      "avg": 0.06720518064076346,
      "min": 0.030674846625766916,
      "max": 0.6850715746421268,