{
  "run_label": "CASO_3_equiv_20",
  "mode": "mono-objetivo",
  "timestamp": "2025-12-20T02:38:02",
  "config": {
    "SEED": 0,
    "TEST_RATIO": 0.3,
    "POP": 350,
    "CXPB": 0.8,
    "MUTPB": 0.2,
    "TOURN": 3,
    "INIT_MAX_DEPTH": 2,
    "MUT_MAX_DEPTH": 2,
    "MAX_HEIGHT": 6,
    "MAX_NODES": 90,
    "PATIENCE": 30,
    "EPS": 1e-06,
    "NGEN_MULTI": 100
  },
  "best_individual": {
    "expr": "add(protected_log(add(x5, add(add(protected_sqrt(neg(mul(add(mul(x1, sin(mul(add(protected_sqrt(neg(sin(add(x2, x1)))), add(x0, mul(x7, add(protected_exp(protected_log(add(add(add(protected_log(protected_div(x8, x2)), x5), add(add(x5, x5), add(x0, x8))), add(protected_exp(protected_exp(x4)), protected_log(add(x0, x5)))))), x0)))), mul(x1, x1)))), mul(x5, x7)), add(add(mul(x8, x1), x1), x0)))), add(add(x8, x5), x2)), x1))), protected_log(add(x0, mul(x1, x3))))",
    "fitness": [
      0.024539877300613466
    ],
    "height": 23,
    "nodes": 77
  },
  "metrics": {
    "train": {
      "TP": 153,
      "TN": 324,
      "FP": 11,
      "FN": 1,
      "accuracy": 0.9754601226993865,
      "recall": 0.9935064935064936,
      "specificity": 0.9671641791044776,
      "precision": 0.9329268292682927,
      "f1": 0.9622641509433962
    },
    "test": {
      "TP": 86,
      "TN": 121,
      "FP": 2,
      "FN": 1,
      "accuracy": 0.9857142857142858,
      "recall": 0.9885057471264368,
      "specificity": 0.983739837398374,
      "precision": 0.9772727272727273,
      "f1": 0.9828571428571429
    }
  },
  "pareto": null,
  "exploitation": {
    "vectors": {
      "benigno_claro": [
        0.2,
        0.1,
        0.1,
        0.1,
        0.2,
        0.1,
        0.2,
        0.1,
        0.1
      ],
      "maligno_claro": [
        0.5,
        0.4,
        0.6,
        0.8,
        0.4,
        0.1,
        0.8,
        1.0,
        0.1
      ],
      "mixto_frontera": [
        0.35,
        0.25,
        0.35,
        0.45,
        0.30000000000000004,
        0.1,
        0.5,
        0.55,
        0.1
      ],
      "aleatorio_0_1": [
        0.6732655185893088,
        0.3428080423874833,
        0.13687617154257523,
        0.1148748719756762,
        0.8319432152802452,
        0.9214800195499495,
        0.6459721981904619,
        0.7565469048855985,
        0.5892624923188806
      ],
      "idx_benigno": 0,
      "idx_maligno": 3
    },
    "results": {
      "benigno_claro": {
        "score": -2.1436002196658865,
        "pred": 0
      },
      "maligno_claro": {
        "score": 0.44429642805311453,
        "pred": 1
      },
      "mixto_frontera": {
        "score": -0.6346599790652203,
        "pred": 0
      },
      "aleatorio_0_1": {
        "score": 1.0567417533596408,
        "pred": 1
      }
    }
  },
  "logbook": [
    {
      "gen": 0,
      "nevals": 350,
      "avg": 0.5849780893952673,
      "min": 0.1492842535787321,
      "max": 0.8711656441717791,
      "std": 0.18259614020288234
    },
    {
      "gen": 1,
      "nevals": 296,
      "avg": 0.48190476190476195,
      "min": 0.1267893660531697,
      "max": 0.869120654396728,
      "std": 0.21289505284757948
    },
    {
      "gen": 2,
      "nevals": 290,
      "avg": 0.3772713993572889,
      "min": 0.05725971370143146,
      "max": 0.869120654396728,
      "std": 0.20701310034538845
    },
    {
      "gen": 3,
      "nevals": 293,
      "avg": 0.337248028045574,
      "min": 0.049079754601227044,
      "max": 0.918200408997955,
      "std": 0.21150102551650554
    },
    {
      "gen": 4,
      "nevals": 312,
      "avg": 0.3158866491381829,
      "min": 0.04498977505112478,
      "max": 0.918200408997955,
      "std": 0.2190771977501261
    },
    {
      "gen": 5,
      "nevals": 306,
      "avg": 0.3066783523225241,
      "min": 0.036809815950920255,
      "max": 0.9263803680981595,
      "std": 0.23766204144264783
    },
    {
      "gen": 6,
      "nevals": 287,
      "avg": 0.28122115103710194,
      "min": 0.036809815950920255,
      "max": 0.9263803680981595,
      "std": 0.23855871391263977
    },
    {
      "gen": 7,
      "nevals": 296,
      "avg": 0.2734092900964067,
      "min": 0.036809815950920255,
      "max": 0.918200408997955,
      "std": 0.24842269465734398
    },
    {
      "gen": 8,
      "nevals": 285,
      "avg": 0.2730937773882559,
      "min": 0.036809815950920255,
      "max": 0.9263803680981595,
      "std": 0.25707960184563555
    },
    {
      "gen": 9,
      "nevals": 291,
      "avg": 0.23430908559742916,
      "min": 0.036809815950920255,
      "max": 0.9100204498977505,
      "std": 0.22805094047422023
    },
    {
      "gen": 10,
      "nevals": 295,
      "avg": 0.22007011393514456,
      "min": 0.036809815950920255,
      "max": 0.803680981595092,
      "std": 0.21949903601834214
    },
    {
      "gen": 11,
      "nevals": 298,
      "avg": 0.2190709903593339,
      "min": 0.036809815950920255,
      "max": 0.9366053169734151,
      "std": 0.2362365569572231
    },
    {
      "gen": 12,
      "nevals": 302,
      "avg": 0.2216067776803973,
      "min": 0.036809815950920255,
      "max": 0.9243353783231084,
      "std": 0.24823233076599333
    },
    {
      "gen": 13,
      "nevals": 299,
      "avg": 0.1751855097867368,
      "min": 0.036809815950920255,
      "max": 0.8548057259713702,
      "std": 0.19765521419574572
    },
    {
      "gen": 14,
      "nevals": 294,
      "avg": 0.18605901256208005,
      "min": 0.036809815950920255,
      "max": 0.9038854805725971,
      "std": 0.2167668187117852
    },
    {
      "gen": 15,
      "nevals": 298,
      "avg": 0.18772421852176455,
      "min": 0.036809815950920255,
      "max": 0.8793456032719836,
      "std": 0.22033080297927338
    },
    {
      "gen": 16,
      "nevals": 303,
      "avg": 0.18819164475606195,
      "min": 0.03476482617586907,
      "max": 0.9038854805725971,
      "std": 0.217999987042194
    },
    {
      "gen": 17,
      "nevals": 290,
      "avg": 0.17010809231668128,
      "min": 0.036809815950920255,
      "max": 0.8568507157464212,
      "std": 0.20628539905297633
    },
    {
      "gen": 18,
      "nevals": 291,
      "avg": 0.1505054046158341,
      "min": 0.036809815950920255,
      "max": 0.869120654396728,
      "std": 0.19209635456420932
    },
    {
      "gen": 19,
      "nevals": 309,
      "avg": 0.13393514460999123,
      "min": 0.03476482617586907,
      "max": 0.9038854805725971,
      "std": 0.18906766629015292
    },
    {
      "gen": 20,
      "nevals": 295,
      "avg": 0.13120654396728015,
      "min": 0.03271983640081799,
      "max": 0.7709611451942741,
      "std": 0.18749508862458614
    },
    {
      "gen": 21,
      "nevals": 302,
      "avg": 0.11109553023663454,
      "min": 0.03271983640081799,
      "max": 0.8077709611451943,
      "std": 0.16588632313290358
    },
    {
      "gen": 22,
      "nevals": 281,
      "avg": 0.10002337131171486,
      "min": 0.03271983640081799,
      "max": 0.9263803680981595,
      "std": 0.16038249649595274
    },
    {
      "gen": 23,
      "nevals": 291,
      "avg": 0.09581069237510953,
      "min": 0.03271983640081799,
      "max": 0.8179959100204499,
      "std": 0.1451171559644542
    },
    {
      "gen": 24,
      "nevals": 301,
      "avg": 0.08956470931931054,
      "min": 0.03271983640081799,
      "max": 0.7586912065439673,
      "std": 0.1436771119851926
    },
    {
      "gen": 25,
      "nevals": 285,
      "avg": 0.0882150160677768,
      "min": 0.03271983640081799,
      "max": 0.8016359918200409,
      "std": 0.14576203391334297
    },
    {
      "gen": 26,
      "nevals": 286,
      "avg": 0.07891907683318726,
      "min": 0.03271983640081799,
      "max": 0.8588957055214724,
      "std": 0.1350184744957742
    },
    {
      "gen": 27,
      "nevals": 281,
      "avg": 0.07909436167104877,
      "min": 0.03271983640081799,
      "max": 0.8179959100204499,
      "std": 0.14345497668176607
    },
    {
      "gen": 28,
      "nevals": 285,