{
  "run_label": "CASO_2_equiv_10",
  "mode": "mono-objetivo",
  "timestamp": "2025-12-20T02:36:36",
  "config": {
    "SEED": 0,
    "TEST_RATIO": 0.3,
    "POP": 250,
    "CXPB": 0.8,
    "MUTPB": 0.2,
    "TOURN": 3,
    "INIT_MAX_DEPTH": 2,
    "MUT_MAX_DEPTH": 2,
    "MAX_HEIGHT": 6,
    "MAX_NODES": 80,
    "PATIENCE": 30,
    "EPS": 1e-06,
    "NGEN_MULTI": 100
  },
  "best_individual": {
    "expr": "add(add(protected_div(x7, protected_div(protected_sqrt(x5), add(x1, x5))), x6), protected_log(add(protected_div(protected_div(mul(protected_div(protected_div(x5, protected_log(protected_sqrt(x1))), sub(sin(neg(protected_log(0.6648086556108463))), cos(x4))), mul(protected_div(x0, 0.8833492739199369), x5)), 0.8833492739199369), protected_div(add(mul(protected_sqrt(x0), protected_div(mul(0.8833492739199369, mul(x6, protected_div(x2, 0.8833492739199369))), 0.8833492739199369)), x5), protected_sqrt(mul(add(protected_div(protected_sqrt(add(x1, x5)), sub(x1, cos(x5))), protected_div(protected_div(mul(0.8833492739199369, mul(x6, x5)), protected_sqrt(add(x1, x5))), add(protected_div(x7, protected_div(protected_exp(x1), add(x5, x5))), x6))), x4)))), x2)))",
    "fitness": [
      0.026584867075664653
    ],
    "height": 13,
    "nodes": 85
  },
  "metrics": {
    "train": {
      "TP": 153,
      "TN": 323,
      "FP": 12,
      "FN": 1,
      "accuracy": 0.9734151329243353,
      "recall": 0.9935064935064936,
      "specificity": 0.9641791044776119,
      "precision": 0.9272727272727272,
      "f1": 0.9592476489028213
    },
    "test": {
      "TP": 87,
      "TN": 121,
      "FP": 2,
      "FN": 0,
      "accuracy": 0.9904761904761905,
      "recall": 1.0,
      "specificity": 0.983739837398374,
      "precision": 0.9775280898876404,
      "f1": 0.9886363636363636
    }
  },
  "pareto": null,
  "exploitation": {
    "vectors": {
      "benigno_claro": [
        0.2,
        0.1,
        0.1,
        0.1,
        0.2,
        0.1,
        0.2,
        0.1,
        0.1
      ],
      "maligno_claro": [
        0.5,
        0.4,
        0.6,
        0.8,
        0.4,
        0.1,
        0.8,
        1.0,
        0.1
      ],
      "mixto_frontera": [
        0.35,
        0.25,
        0.35,
        0.45,
        0.30000000000000004,
        0.1,
        0.5,
        0.55,
        0.1
      ],
      "aleatorio_0_1": [
        0.6732655185893088,
        0.3428080423874833,
        0.13687617154257523,
        0.1148748719756762,
        0.8319432152802452,
        0.9214800195499495,
        0.6459721981904619,
        0.7565469048855985,
        0.5892624923188806
      ],
      "idx_benigno": 0,
      "idx_maligno": 3
    },
    "results": {
      "benigno_claro": {
        "score": -1.9554446149488465,
        "pred": 0
      },
      "maligno_claro": {
        "score": 1.928974011404123,
        "pred": 1
      },
      "mixto_frontera": {
        "score": 0.12487256371784572,
        "pred": 1
      },
      "aleatorio_0_1": {
        "score": 3.8557049039689284,
        "pred": 1
      }
    }
  },
  "logbook": [
    {
      "gen": 0,
      "nevals": 250,
      "avg": 0.5777668711656442,
      "min": 0.1492842535787321,
      "max": 0.8711656441717791,
      "std": 0.1846976214518635
    },
    {
      "gen": 1,
      "nevals": 218,
      "avg": 0.49978732106339463,
      "min": 0.07975460122699385,
      "max": 0.901840490797546,
      "std": 0.21484813998050128
    },
    {
      "gen": 2,
      "nevals": 205,
      "avg": 0.3792638036809816,
      "min": 0.059304703476482645,
      "max": 0.869120654396728,
      "std": 0.20916901183387823
    },
    {
      "gen": 3,
      "nevals": 201,
      "avg": 0.32795092024539874,
      "min": 0.05725971370143146,
      "max": 0.899795501022495,
      "std": 0.2148866125935473
    },
    {
      "gen": 4,
      "nevals": 221,
      "avg": 0.28078527607361964,
      "min": 0.036809815950920255,
      "max": 0.9263803680981595,
      "std": 0.2186882997095585
    },
    {
      "gen": 5,
      "nevals": 202,
      "avg": 0.25812678936605316,
      "min": 0.036809815950920255,
      "max": 0.9263803680981595,
      "std": 0.2238151559502192
    },
    {
      "gen": 6,
      "nevals": 216,
      "avg": 0.2555746421267893,
      "min": 0.036809815950920255,
      "max": 0.9100204498977505,
      "std": 0.2416656006825713
    },
    {
      "gen": 7,
      "nevals": 207,
      "avg": 0.27932924335378323,
      "min": 0.036809815950920255,
      "max": 0.9100204498977505,
      "std": 0.25927949094590086
    },
    {
      "gen": 8,
      "nevals": 206,
      "avg": 0.2434764826175869,
      "min": 0.036809815950920255,
      "max": 0.9263803680981595,
      "std": 0.23376335634435133
    },
    {
      "gen": 9,
      "nevals": 208,
      "avg": 0.22048261758691207,
      "min": 0.036809815950920255,
      "max": 0.918200408997955,
      "std": 0.21964856334345023
    },
    {
      "gen": 10,
      "nevals": 211,
      "avg": 0.21625357873210632,
      "min": 0.036809815950920255,
      "max": 0.9100204498977505,
      "std": 0.22434904686442908
    },
    {
      "gen": 11,
      "nevals": 203,
      "avg": 0.2152965235173824,
      "min": 0.036809815950920255,
      "max": 0.9263803680981595,
      "std": 0.21594179506034883
    },
    {
      "gen": 12,
      "nevals": 188,
      "avg": 0.23330879345603273,
      "min": 0.036809815950920255,
      "max": 0.918200408997955,
      "std": 0.2507491066920906
    },
    {
      "gen": 13,
      "nevals": 194,
      "avg": 0.19374233128834353,
      "min": 0.036809815950920255,
      "max": 0.7464212678936606,
      "std": 0.20840852294663906
    },
    {
      "gen": 14,
      "nevals": 204,
      "avg": 0.20716564417177916,
      "min": 0.036809815950920255,
      "max": 0.9141104294478528,
      "std": 0.244330972552486
    },
    {
      "gen": 15,
      "nevals": 215,
      "avg": 0.2096114519427403,
      "min": 0.036809815950920255,
      "max": 0.9100204498977505,
      "std": 0.24180665081801292
    },
    {
      "gen": 16,
      "nevals": 225,
      "avg": 0.2105766871165644,
      "min": 0.03476482617586907,
      "max": 0.8711656441717791,
      "std": 0.2406561068116225
    },
    {
      "gen": 17,
      "nevals": 216,
      "avg": 0.21213087934560326,
      "min": 0.03476482617586907,
      "max": 0.9263803680981595,
      "std": 0.2486485245954677
    },
    {
      "gen": 18,
      "nevals": 206,
      "avg": 0.1709284253578732,
      "min": 0.036809815950920255,
      "max": 0.8793456032719836,
      "std": 0.21299978692490532
    },
    {
      "gen": 19,
      "nevals": 198,
      "avg": 0.20864621676891612,
      "min": 0.036809815950920255,
      "max": 0.9100204498977505,
      "std": 0.24476874830805734
    },
    {
      "gen": 20,
      "nevals": 192,
      "avg": 0.1519918200408998,
      "min": 0.036809815950920255,
      "max": 0.803680981595092,
      "std": 0.20182384244382892
    },
    {
      "gen": 21,
      "nevals": 214,
      "avg": 0.15361963190184047,
      "min": 0.03476482617586907,
      "max": 0.7361963190184049,
      "std": 0.20314596991857198
    },
    {
      "gen": 22,
      "nevals": 221,
      "avg": 0.1361881390593047,
      "min": 0.03476482617586907,
      "max": 0.8323108384458078,
      "std": 0.18183325067206635
    },
    {
      "gen": 23,
      "nevals": 197,
      "avg": 0.13993456032719837,
      "min": 0.03476482617586907,
      "max": 0.8425357873210634,
      "std": 0.20059893357519348
    },
    {
      "gen": 24,
      "nevals": 217,
      "avg": 0.13672801635991816,
      "min": 0.03476482617586907,
      "max": 0.918200408997955,
      "std": 0.20414636675918946
    },
    {
      "gen": 25,
      "nevals": 198,
      "avg": 0.11479754601226995,
      "min": 0.03476482617586907,
      "max": 0.6973415132924335,
      "std": 0.17053397067618817
    },
    {
      "gen": 26,
      "nevals": 221,
      "avg": 0.12426993865030674,
      "min": 0.03271983640081799,