{
  "run_label": "manual",
  "mode": "mono-objetivo",
  "timestamp": "2025-12-20T02:34:56",
  "config": {
    "SEED": 0,
    "TEST_RATIO": 0.3,
    "POP": 120,
    "CXPB": 0.8,
    "MUTPB": 0.2,
    "TOURN": 3,
    "INIT_MAX_DEPTH": 2,
    "MUT_MAX_DEPTH": 2,
    "MAX_HEIGHT": 4,
    "MAX_NODES": 60,
    "PATIENCE": 30,
    "EPS": 1e-06,
    "NGEN_MULTI": 100
  },
  "best_individual": {
    "expr": "add(x4, protected_log(mul(add(x2, sin(add(x2, neg(neg(x0))))), add(x5, mul(x1, add(cos(x5), protected_log(mul(protected_sqrt(cos(sin(x1))), add(x5, add(add(sin(x8), x7), add(add(x5, x4), cos(x2))))))))))))",
    "fitness": [
      0.030674846625766916
    ],
    "height": 12,
    "nodes": 38
  },
  "metrics": {
    "train": {
      "TP": 153,
      "TN": 321,
      "FP": 14,
      "FN": 1,
      "accuracy": 0.9693251533742331,
      "recall": 0.9935064935064936,
      "specificity": 0.9582089552238806,
      "precision": 0.9161676646706587,
      "f1": 0.9532710280373832
    },
    "test": {
      "TP": 87,
      "TN": 121,
      "FP": 2,
      "FN": 0,
      "accuracy": 0.9904761904761905,
      "recall": 1.0,
      "specificity": 0.983739837398374,
      "precision": 0.9775280898876404,
      "f1": 0.9886363636363636
    }
  },
  "pareto": null,
  "exploitation": {
    "vectors": {
      "benigno_claro": [
        0.2,
        0.1,
        0.1,
        0.1,
        0.2,
        0.1,
        0.2,
        0.1,
        0.1
      ],
      "maligno_claro": [
        0.5,
        0.4,
        0.6,
        0.8,
        0.4,
        0.1,
        0.8,
        1.0,
        0.1
      ],
      "mixto_frontera": [
        0.35,
        0.25,
        0.35,
        0.45,
        0.30000000000000004,
        0.1,
        0.5,
        0.55,
        0.1
      ],
      "aleatorio_0_1": [
        0.6732655185893088,
        0.3428080423874833,
        0.13687617154257523,
        0.1148748719756762,
        0.8319432152802452,
        0.9214800195499495,
        0.6459721981904619,
        0.7565469048855985,
        0.5892624923188806
      ],
      "idx_benigno": 0,
      "idx_maligno": 3
    },
    "results": {
      "benigno_claro": {
        "score": -2.130269773254559,
        "pred": 0
      },
      "maligno_claro": {
        "score": 0.6405442656987473,
        "pred": 1
      },
      "mixto_frontera": {
        "score": -0.3424112111342478,
        "pred": 0
      },
      "aleatorio_0_1": {
        "score": 1.1948647171253848,
        "pred": 1
      }
    }
  },
  "logbook": [
    {
      "gen": 0,
      "nevals": 120,
      "avg": 0.5858725289706884,
      "min": 0.1492842535787321,
      "max": 0.803680981595092,
      "std": 0.18051441784766978
    },
    {
      "gen": 1,
      "nevals": 111,
      "avg": 0.5444955691888206,
      "min": 0.06134969325153372,
      "max": 0.8957055214723927,
      "std": 0.2017745402969305
    },
    {
      "gen": 2,
      "nevals": 101,
      "avg": 0.4518064076346285,
      "min": 0.06134969325153372,
      "max": 0.7955010224948875,
      "std": 0.20874289822727848
    },
    {
      "gen": 3,
      "nevals": 104,
      "avg": 0.35899795501022497,
      "min": 0.06134969325153372,
      "max": 0.899795501022495,
      "std": 0.20337041180317475
    },
    {
      "gen": 4,
      "nevals": 100,
      "avg": 0.3187627811860941,
      "min": 0.08588957055214719,
      "max": 0.9263803680981595,
      "std": 0.19802016638625755
    },
    {
      "gen": 5,
      "nevals": 94,
      "avg": 0.33841172460804353,
      "min": 0.06134969325153372,
      "max": 0.9427402862985685,
      "std": 0.24318172893516982
    },
    {
      "gen": 6,
      "nevals": 97,
      "avg": 0.38847989093387864,
      "min": 0.053169734151329195,
      "max": 0.9263803680981595,
      "std": 0.2869648413070471
    },
    {
      "gen": 7,
      "nevals": 96,
      "avg": 0.27844239945466936,
      "min": 0.042944785276073594,
      "max": 0.9141104294478528,
      "std": 0.23835786456875835
    },
    {
      "gen": 8,
      "nevals": 95,
      "avg": 0.27697682344921604,
      "min": 0.042944785276073594,
      "max": 0.8629856850715747,
      "std": 0.2463264667626733
    },
    {
      "gen": 9,
      "nevals": 103,
      "avg": 0.23902522154055894,
      "min": 0.04498977505112478,
      "max": 0.8977505112474438,
      "std": 0.2266967760732578
    },
    {
      "gen": 10,
      "nevals": 108,
      "avg": 0.21598500340831628,
      "min": 0.04498977505112478,
      "max": 0.8588957055214724,
      "std": 0.2069440036166372
    },
    {
      "gen": 11,
      "nevals": 93,
      "avg": 0.2556407634628493,
      "min": 0.04089979550102252,
      "max": 0.8282208588957055,
      "std": 0.2542592754379191
    },
    {
      "gen": 12,
      "nevals": 95,
      "avg": 0.22943081117927744,
      "min": 0.03476482617586907,
      "max": 0.8057259713701431,
      "std": 0.24733632056919141
    },
    {
      "gen": 13,
      "nevals": 103,
      "avg": 0.20770279481935924,
      "min": 0.042944785276073594,
      "max": 0.7668711656441718,
      "std": 0.22420505599966034
    },
    {
      "gen": 14,
      "nevals": 94,
      "avg": 0.15480572597137013,
      "min": 0.042944785276073594,
      "max": 0.7566462167689162,
      "std": 0.20081351854033525
    },
    {
      "gen": 15,
      "nevals": 101,
      "avg": 0.14395023858214043,
      "min": 0.036809815950920255,
      "max": 0.6850715746421268,
      "std": 0.1896466257674102
    },
    {
      "gen": 16,
      "nevals": 104,
      "avg": 0.11840490797546012,
      "min": 0.036809815950920255,
      "max": 0.6850715746421268,
      "std": 0.1551086661534918
    },
    {
      "gen": 17,
      "nevals": 105,
      "avg": 0.12338104976141784,
      "min": 0.036809815950920255,
      "max": 0.6850715746421268,
      "std": 0.1825538241083127
    },
    {
      "gen": 18,
      "nevals": 96,
      "avg": 0.10727675528289024,
      "min": 0.036809815950920255,
      "max": 0.7852760736196319,
      "std": 0.17180102918162554
    },
    {
      "gen": 19,
      "nevals": 102,
      "avg": 0.11951261077027948,
      "min": 0.036809815950920255,
      "max": 0.689161554192229,
      "std": 0.17796225046503708
    },
    {
      "gen": 20,
      "nevals": 106,
      "avg": 0.14596114519427406,
      "min": 0.03476482617586907,
      "max": 0.7014314928425358,
      "std": 0.2051642319235246
    },
    {
      "gen": 21,
      "nevals": 109,
      "avg": 0.1337252897068848,
      "min": 0.03476482617586907,
      "max": 0.8466257668711656,
      "std": 0.19549383777354315
    },
    {
      "gen": 22,
      "nevals": 97,
      "avg": 0.1270109066121336,
      "min": 0.03271983640081799,
      "max": 0.7382413087934561,
      "std": 0.19018492787970717
    },
    {
      "gen": 23,
      "nevals": 90,
      "avg": 0.08026584867075663,
      "min": 0.03271983640081799,
      "max": 0.6850715746421268,
      "std": 0.12983813046391585
    },
    {
      "gen": 24,
      "nevals": 109,
      "avg": 0.0812031356509884,
      "min": 0.03271983640081799,
      "max": 0.6850715746421268,
      "std": 0.13255241236006277
    },
    {
      "gen": 25,
      "nevals": 104,
      "avg": 0.06356509884117245,
      "min": 0.030674846625766916,
      "max": 0.6871165644171779,
      "std": 0.09670862496357026
    },
    {
      "gen": 26,
      "nevals": 103,
      "avg": 0.09093387866394001,
      "min": 0.030674846625766916,
      "max": 0.7361963190184049,
      "std": 0.15317072008744828
    },
    {
      "gen": 27,
      "nevals": 110,
      "avg": 0.08181663258350373,
      "min": 0.03271983640081799,
      "max": 0.7075664621676891,
      "std": 0.13352559099666886
    },
    {
      "gen": 28,
      "nevals": 98,
      "avg": 0.07878323108384458,
      "min": 0.030674846625766916,
      "max": 0.7259713701431493,
      "std": 0.14031097998534472
    },
    {
      "gen": 29,
      "nevals": 102,
      "avg": 0.05039195637355145,
      "min": 0.030674846625766916,
      "max": 0.689161554192229,