{
  "run_label": "CASO_1_equiv_5",
  "mode": "mono-objetivo",
  "timestamp": "2025-12-20T02:35:48",
  "config": {
    "SEED": 0,
    "TEST_RATIO": 0.3,
    "POP": 150,
    "CXPB": 0.8,
    "MUTPB": 0.2,
    "TOURN": 3,
    "INIT_MAX_DEPTH": 2,
    "MUT_MAX_DEPTH": 2,
    "MAX_HEIGHT": 5,
    "MAX_NODES": 70,
    "PATIENCE": 30,
    "EPS": 1e-06,
    "NGEN_MULTI": 100
  },
  "best_individual": {
    "expr": "sub(add(x5, x1), protected_sqrt(sub(protected_sqrt(protected_sqrt(add(x0, cos(cos(add(neg(add(x5, sub(protected_sqrt(sub(cos(protected_sqrt(protected_log(x5))), x5)), x5))), neg(add(add(protected_log(neg(x2)), x1), add(cos(sub(protected_sqrt(protected_sqrt(add(protected_log(protected_sqrt(add(x5, x1))), x1))), cos(add(protected_log(neg(x8)), x1)))), cos(protected_sqrt(sub(protected_sqrt(protected_log(sin(protected_exp(1.049511969640505)))), x7)))))))))))), 1.4094422069566326)))",
    "fitness": [
      0.03271983640081799
    ],
    "height": 20,
    "nodes": 60
  },
  "metrics": {
    "train": {
      "TP": 151,
      "TN": 322,
      "FP": 13,
      "FN": 3,
      "accuracy": 0.967280163599182,
      "recall": 0.9805194805194806,
      "specificity": 0.9611940298507463,
      "precision": 0.9207317073170732,
      "f1": 0.949685534591195
    },
    "test": {
      "TP": 84,
      "TN": 121,
      "FP": 2,
      "FN": 3,
      "accuracy": 0.9761904761904762,
      "recall": 0.9655172413793104,
      "specificity": 0.983739837398374,
      "precision": 0.9767441860465116,
      "f1": 0.9710982658959537
    }
  },
  "pareto": null,
  "exploitation": {
    "vectors": {
      "benigno_claro": [
        0.2,
        0.1,
        0.1,
        0.1,
        0.2,
        0.1,
        0.2,
        0.1,
        0.1
      ],
      "maligno_claro": [
        0.5,
        0.4,
        0.6,
        0.8,
        0.4,
        0.1,
        0.8,
        1.0,
        0.1
      ],
      "mixto_frontera": [
        0.35,
        0.25,
        0.35,
        0.45,
        0.30000000000000004,
        0.1,
        0.5,
        0.55,
        0.1
      ],
      "aleatorio_0_1": [
        0.6732655185893088,
        0.3428080423874833,
        0.13687617154257523,
        0.1148748719756762,
        0.8319432152802452,
        0.9214800195499495,
        0.6459721981904619,
        0.7565469048855985,
        0.5892624923188806
      ],
      "idx_benigno": 0,
      "idx_maligno": 3
    },
    "results": {
      "benigno_claro": {
        "score": -0.40515822635901616,
        "pred": 0
      },
      "maligno_claro": {
        "score": -0.05247110248156206,
        "pred": 0
      },
      "mixto_frontera": {
        "score": -0.2908741437849862,
        "pred": 0
      },
      "aleatorio_0_1": {
        "score": 0.6736970014017767,
        "pred": 1
      }
    }
  },
  "logbook": [
    {
      "gen": 0,
      "nevals": 150,
      "avg": 0.5821949556918882,
      "min": 0.1492842535787321,
      "max": 0.8507157464212679,
      "std": 0.18556701120645933
    },
    {
      "gen": 1,
      "nevals": 120,
      "avg": 0.5188684389911384,
      "min": 0.11451942740286303,
      "max": 0.899795501022495,
      "std": 0.2100367967899179
    },
    {
      "gen": 2,
      "nevals": 118,
      "avg": 0.4324062713019769,
      "min": 0.1288343558282209,
      "max": 0.8670756646216768,
      "std": 0.20836275432344656
    },
    {
      "gen": 3,
      "nevals": 133,
      "avg": 0.38254942058623037,
      "min": 0.14723926380368102,
      "max": 0.8752556237218814,
      "std": 0.2048822130468152
    },
    {
      "gen": 4,
      "nevals": 118,
      "avg": 0.3298295841854124,
      "min": 0.0961145194274029,
      "max": 0.9263803680981595,
      "std": 0.19308188550431593
    },
    {
      "gen": 5,
      "nevals": 113,
      "avg": 0.31092024539877294,
      "min": 0.0961145194274029,
      "max": 0.918200408997955,
      "std": 0.19565367828176586
    },
    {
      "gen": 6,
      "nevals": 123,
      "avg": 0.31589638718473073,
      "min": 0.053169734151329195,
      "max": 0.9263803680981595,
      "std": 0.23170383276580087
    },
    {
      "gen": 7,
      "nevals": 121,
      "avg": 0.3486434901158827,
      "min": 0.053169734151329195,
      "max": 0.9263803680981595,
      "std": 0.2620384216663363
    },
    {
      "gen": 8,
      "nevals": 119,
      "avg": 0.36106339468302656,
      "min": 0.053169734151329195,
      "max": 0.9100204498977505,
      "std": 0.2845655484999691
    },
    {
      "gen": 9,
      "nevals": 120,
      "avg": 0.30132242672119974,
      "min": 0.049079754601227044,
      "max": 0.9100204498977505,
      "std": 0.257445937246572
    },
    {
      "gen": 10,
      "nevals": 134,
      "avg": 0.343680981595092,
      "min": 0.06543967280163598,
      "max": 0.9100204498977505,
      "std": 0.2814762070341731
    },
    {
      "gen": 11,
      "nevals": 124,
      "avg": 0.3316700749829584,
      "min": 0.06543967280163598,
      "max": 0.9100204498977505,
      "std": 0.28739680164489423
    },
    {
      "gen": 12,
      "nevals": 124,
      "avg": 0.2995228357191547,
      "min": 0.06134969325153372,
      "max": 0.9243353783231084,
      "std": 0.26329629626796147
    },
    {
      "gen": 13,
      "nevals": 137,
      "avg": 0.33682344921608726,
      "min": 0.04703476482617586,
      "max": 0.9284253578732107,
      "std": 0.2913510309454234
    },
    {
      "gen": 14,
      "nevals": 130,
      "avg": 0.31730061349693256,
      "min": 0.04703476482617586,
      "max": 0.9202453987730062,
      "std": 0.2717522969155397
    },
    {
      "gen": 15,
      "nevals": 122,
      "avg": 0.28443081117927743,
      "min": 0.06339468302658491,
      "max": 0.918200408997955,
      "std": 0.2538308152505137
    },
    {
      "gen": 16,
      "nevals": 126,
      "avg": 0.27679618268575323,
      "min": 0.06543967280163598,
      "max": 0.9304703476482618,
      "std": 0.2613351994157572
    },
    {
      "gen": 17,
      "nevals": 122,
      "avg": 0.2393456032719836,
      "min": 0.06543967280163598,
      "max": 0.8813905930470347,
      "std": 0.2381647781916116
    },
    {
      "gen": 18,
      "nevals": 128,
      "avg": 0.26708929788684393,
      "min": 0.06748466257668717,
      "max": 0.9141104294478528,
      "std": 0.2737294398461675
    },
    {
      "gen": 19,
      "nevals": 126,
      "avg": 0.24485344239945467,
      "min": 0.05521472392638038,
      "max": 0.9038854805725971,
      "std": 0.2645865553822022
    },
    {
      "gen": 20,
      "nevals": 118,
      "avg": 0.23172460804362643,
      "min": 0.042944785276073594,
      "max": 0.9263803680981595,
      "std": 0.26440540925182815
    },
    {
      "gen": 21,
      "nevals": 126,
      "avg": 0.20852079072937968,
      "min": 0.059304703476482645,
      "max": 0.8793456032719836,
      "std": 0.23653433164871934
    },
    {
      "gen": 22,
      "nevals": 125,
      "avg": 0.21156100886162243,
      "min": 0.05521472392638038,
      "max": 0.8916155419222904,
      "std": 0.24434876323346094
    },
    {
      "gen": 23,
      "nevals": 131,
      "avg": 0.23207907293796864,
      "min": 0.05112474437627812,
      "max": 0.9406952965235174,
      "std": 0.2710038408739966
    },
    {
      "gen": 24,
      "nevals": 129,
      "avg": 0.20852079072937968,
      "min": 0.04498977505112478,
      "max": 0.9263803680981595,
      "std": 0.2430116131289916
    },
    {
      "gen": 25,
      "nevals": 124,
      "avg": 0.19596455351056577,
      "min": 0.04703476482617586,
      "max": 0.7791411042944785,
      "std": 0.23874176138596068
    },
    {
      "gen": 26,
      "nevals": 110,
      "avg": 0.21957736877982276,
      "min": 0.04089979550102252,
      "max": 0.9406952965235174,
      "std": 0.26567426995861015
    },
    {
      "gen": 27,
      "nevals": 125,
      "avg": 0.18531697341513292,
      "min": 0.03476482617586907,
      "max": 0.8977505112474438,
      "std": 0.246985177876023
    },
    {
      "gen": 28,
      "nevals": 121,